{
  "monaco": { "a": 0.048766, "b": -0.001106, "c": -0.000734, "d": -0.049570, "e": 689.427, "f": 49.485 },
  "silverstone": { "a": 0.028358, "b": 0.000617, "c": 0.000541, "d": -0.027862, "e": 422.088, "f": 422.999 },
  "spa": { "a": 0.023171, "b": 0.000463, "c": 0.000786, "d": -0.023467, "e": 463.242, "f": 165.660 },
  "bahrain": { "a": 0.037362, "b": -0.009495, "c": -0.003411, "d": 0.029219, "e": 361.603, "f": 245.978 },
  "jeddah": { "a": 0.017336, "b": 0.000317, "c": -0.000003, "d": -0.017545, "e": 549.436, "f": 443.200 },
  "suzuka": { "a": 0.046256, "b": 0.001439, "c": 0.002221, "d": -0.044678, "e": 683.373, "f": 206.994 },
  "shanghai": { "a": 0.045289, "b": 0.000032, "c": -0.001635, "d": -0.044588, "e": 531.275, "f": 384.596 },
  "miami": { "a": 0.056311, "b": 0.004991, "c": 0.007860, "d": -0.047387, "e": 332.606, "f": 228.135 },
  "imola": { "a": 0.048393, "b": 0.001459, "c": 0.001226, "d": -0.048150, "e": 791.483, "f": 50.726 },
  "montreal": { "a": 0.006140, "b": -0.023674, "c": 0.000052, "d": 0.014478, "e": 444.909, "f": 180.637 },
  "catalunya": { "a": 0.042392, "b": -0.004737, "c": -0.001704, "d": -0.039347, "e": 576.173, "f": 222.530 },
  "spielberg": { "a": 0.061508, "b": -0.000165, "c": 0.000698, "d": -0.061471, "e": 622.444, "f": 405.099 },
  "hungaroring": { "a": 0.035789, "b": 0.000293, "c": -0.004016, "d": -0.038047, "e": 561.463, "f": 463.292 },
  "monza": { "a": 0.000174, "b": 0.001907, "c": -0.001655, "d": 0.017776, "e": 383.135, "f": 225.028 },
  "melbourne": { "a": 0.026994, "b": 0.000655, "c": 0.000366, "d": -0.027176, "e": 496.474, "f": 384.492 },
  "zandvoort": { "a": 0.057512, "b": 0.001206, "c": 0.002395, "d": -0.059023, "e": 274.759, "f": 448.150 },
  "baku": { "a": 0.032098, "b": -0.000527, "c": -0.000453, "d": -0.032116, "e": 711.386, "f": 178.513 },
  "singapore": { "a": 0.051650, "b": -0.000524, "c": -0.000620, "d": -0.053231, "e": 811.606, "f": 276.866 },
  "austin": { "a": 0.046593, "b": 0.000589, "c": -0.000493, "d": -0.046345, "e": 198.482, "f": 348.946 },
  "mexico": { "a": 0.046387, "b": -0.000138, "c": 0.000167, "d": -0.046658, "e": 282.006, "f": 120.617 },
  "interlagos": { "a": 0.045385, "b": 0.001391, "c": 0.000395, "d": -0.046163, "e": 540.446, "f": 148.879 },
  "lasvegas": { "a": 0.024397, "b": 0.000338, "c": 0.000475, "d": -0.025026, "e": 544.426, "f": 501.633 },
  "lusail": { "a": 0.032654, "b": 0.000024, "c": -0.000176, "d": -0.033240, "e": 442.694, "f": 391.667 },
  "yasmarina": { "a": 0.027921, "b": -0.000757, "c": -0.000300, "d": -0.028364, "e": 448.891, "f": 392.287 }
}
